variavel,descricao_pt,tipo_conceitual,unidade_ou_exemplo
symboling,"Classificação de risco do seguro",ordinal,"-3 (mais seguro) a 3 (mais arriscado)"
normalized-losses,"Perdas normalizadas por ano do veículo",numérica,"índice"
make,"Fabricante",categórica,"toyota, bmw, volvo"
fuel-type,"Tipo de combustível",categórica,"gas ou diesel"
aspiration,"Aspiração do motor",categórica,"std ou turbo"
num-of-doors,"Número de portas",categórica ordinal,"two ou four"
body-style,"Tipo de carroceria",categórica,"sedan, hatchback, wagon"
drive-wheels,"Rodas motrizes",categórica,"fwd, rwd ou 4wd"
engine-location,"Localização do motor",categórica,"front ou rear"
wheel-base,"Distância entre eixos",numérica,"polegadas"
length,"Comprimento",numérica,"polegadas"
width,"Largura",numérica,"polegadas"
height,"Altura",numérica,"polegadas"
curb-weight,"Peso do automóvel",numérica,"libras"
engine-type,"Tipo do motor",categórica,"ohc, dohc, rotor"
num-of-cylinders,"Número de cilindros",categórica ordinal,"four, six, eight"
engine-size,"Tamanho do motor",numérica,"polegadas cúbicas"
fuel-system,"Sistema de alimentação",categórica,"mpfi, 2bbl, idi"
bore,"Diâmetro do cilindro",numérica,"polegadas"
stroke,"Curso do pistão",numérica,"polegadas"
compression-ratio,"Taxa de compressão",numérica,"razão"
horsepower,"Potência",numérica,"horsepower"
peak-rpm,"Rotação de pico",numérica,"rpm"
city-mpg,"Consumo na cidade",numérica,"milhas por galão"
highway-mpg,"Consumo na estrada",numérica,"milhas por galão"
price,"Preço sugerido",numérica,"dólares americanos"
