symboling,normalized-losses,make,aspiration,num-of-doors,body-style,drive-wheels,engine-location,wheel-base,length,width,height,curb-weight,engine-type,num-of-cylinders,engine-size,fuel-system,bore,stroke,compression-ratio,horsepower,peak-rpm,city-mpg,highway-mpg,fuel-type,price,city-L/100km,length_minmax,length_zscore,faixa_preco,fuel_diesel,fuel_gas
3,115.0,alfa-romero,std,two,convertible,rwd,front,88.6,168.8,64.1,48.8,2548,dohc,four,130,mpfi,3.47,2.68,9.0,111.0,5000.0,21,27,gas,13495.0,11.19047619047619,0.4134328358208958,-0.4383150689245108,medio,0,1
3,115.0,alfa-romero,std,two,convertible,rwd,front,88.6,168.8,64.1,48.8,2548,dohc,four,130,mpfi,3.47,2.68,9.0,111.0,5000.0,21,27,gas,16500.0,11.19047619047619,0.4134328358208958,-0.4383150689245108,medio,0,1
1,115.0,alfa-romero,std,two,hatchback,rwd,front,94.5,171.2,65.5,52.4,2823,ohcv,six,152,mpfi,2.68,3.47,9.0,154.0,5000.0,19,26,gas,16500.0,12.36842105263158,0.4492537313432835,-0.243544260846782,medio,0,1
2,164.0,audi,std,four,sedan,fwd,front,99.8,176.6,66.2,54.3,2337,ohc,four,109,mpfi,3.19,3.4,10.0,102.0,5500.0,24,30,gas,13950.0,9.791666666666666,0.5298507462686567,0.1946900573281123,medio,0,1
2,164.0,audi,std,four,sedan,4wd,front,99.4,176.6,66.4,54.3,2824,ohc,five,136,mpfi,3.19,3.4,8.0,115.0,5500.0,18,22,gas,17450.0,13.055555555555555,0.5298507462686567,0.1946900573281123,medio,0,1
2,115.0,audi,std,two,sedan,fwd,front,99.8,177.3,66.3,53.1,2507,ohc,five,136,mpfi,3.19,3.4,8.5,110.0,5500.0,19,25,gas,15250.0,12.36842105263158,0.5402985074626868,0.2514982096841184,medio,0,1
1,158.0,audi,std,four,sedan,fwd,front,105.8,192.7,71.4,55.7,2844,ohc,five,136,mpfi,3.19,3.4,8.5,110.0,5500.0,19,25,gas,17710.0,12.36842105263158,0.7701492537313432,1.5012775615162213,medio,0,1
1,115.0,audi,std,four,wagon,fwd,front,105.8,192.7,71.4,55.7,2954,ohc,five,136,mpfi,3.19,3.4,8.5,110.0,5500.0,19,25,gas,18920.0,12.36842105263158,0.7701492537313432,1.5012775615162213,medio,0,1
1,158.0,audi,turbo,four,sedan,fwd,front,105.8,192.7,71.4,55.9,3086,ohc,five,131,mpfi,3.13,3.4,8.3,140.0,5500.0,17,20,gas,23875.0,13.823529411764708,0.7701492537313432,1.5012775615162213,alto,0,1
2,192.0,bmw,std,two,sedan,rwd,front,101.2,176.8,64.8,54.3,2395,ohc,four,108,mpfi,3.5,2.8,8.8,101.0,5800.0,23,29,gas,16430.0,10.217391304347826,0.5328358208955226,0.2109209580012579,medio,0,1
0,192.0,bmw,std,four,sedan,rwd,front,101.2,176.8,64.8,54.3,2395,ohc,four,108,mpfi,3.5,2.8,8.8,101.0,5800.0,23,29,gas,16925.0,10.217391304347826,0.5328358208955226,0.2109209580012579,medio,0,1
0,188.0,bmw,std,two,sedan,rwd,front,101.2,176.8,64.8,54.3,2710,ohc,six,164,mpfi,3.31,3.19,9.0,121.0,4250.0,21,28,gas,20970.0,11.19047619047619,0.5328358208955226,0.2109209580012579,alto,0,1
0,188.0,bmw,std,four,sedan,rwd,front,101.2,176.8,64.8,54.3,2765,ohc,six,164,mpfi,3.31,3.19,9.0,121.0,4250.0,21,28,gas,21105.0,11.19047619047619,0.5328358208955226,0.2109209580012579,alto,0,1
1,115.0,bmw,std,four,sedan,rwd,front,103.5,189.0,66.9,55.7,3055,ohc,six,164,mpfi,3.31,3.19,9.0,121.0,4250.0,20,25,gas,24565.0,11.75,0.7149253731343285,1.2010058990630543,alto,0,1
0,115.0,bmw,std,four,sedan,rwd,front,103.5,189.0,66.9,55.7,3230,ohc,six,209,mpfi,3.62,3.39,8.0,182.0,5400.0,16,22,gas,30760.0,14.6875,0.7149253731343285,1.2010058990630543,alto,0,1
0,115.0,bmw,std,two,sedan,rwd,front,103.5,193.8,67.9,53.7,3380,ohc,six,209,mpfi,3.62,3.39,8.0,182.0,5400.0,16,22,gas,41315.0,14.6875,0.7865671641791048,1.5905475152185165,alto,0,1
0,115.0,bmw,std,four,sedan,rwd,front,110.0,197.0,70.9,56.3,3505,ohc,six,209,mpfi,3.62,3.39,8.0,182.0,5400.0,15,20,gas,36880.0,15.666666666666666,0.8343283582089553,1.850241925988823,alto,0,1
2,121.0,chevrolet,std,two,hatchback,fwd,front,88.4,141.1,60.3,53.2,1488,l,three,61,2bbl,2.91,3.03,9.5,48.0,5100.0,47,53,gas,5151.0,5.0,0.0,-2.686294812154986,baixo,0,1
1,98.0,chevrolet,std,two,hatchback,fwd,front,94.5,155.9,63.6,52.0,1874,ohc,four,90,2bbl,3.03,3.11,9.6,70.0,5400.0,38,43,gas,6295.0,6.184210526315789,0.2208955223880598,-1.4852081623423132,baixo,0,1
0,81.0,chevrolet,std,four,sedan,fwd,front,94.5,158.8,63.6,52.0,1909,ohc,four,90,2bbl,3.03,3.11,9.6,70.0,5400.0,38,43,gas,6575.0,6.184210526315789,0.2641791044776121,-1.2498601025817215,baixo,0,1
1,118.0,dodge,std,two,hatchback,fwd,front,93.7,157.3,63.8,50.8,1876,ohc,four,90,2bbl,2.97,3.23,9.41,68.0,5500.0,37,41,gas,5572.0,6.351351351351352,0.2417910447761196,-1.3715918576303032,baixo,0,1
1,118.0,dodge,std,two,hatchback,fwd,front,93.7,157.3,63.8,50.8,1876,ohc,four,90,2bbl,2.97,3.23,9.4,68.0,5500.0,31,38,gas,6377.0,7.580645161290323,0.2417910447761196,-1.3715918576303032,baixo,0,1
1,118.0,dodge,turbo,two,hatchback,fwd,front,93.7,157.3,63.8,50.8,2128,ohc,four,98,mpfi,3.03,3.39,7.6,102.0,5500.0,24,30,gas,7957.0,9.791666666666666,0.2417910447761196,-1.3715918576303032,baixo,0,1
1,148.0,dodge,std,four,hatchback,fwd,front,93.7,157.3,63.8,50.6,1967,ohc,four,90,2bbl,2.97,3.23,9.4,68.0,5500.0,31,38,gas,6229.0,7.580645161290323,0.2417910447761196,-1.3715918576303032,baixo,0,1
1,148.0,dodge,std,four,sedan,fwd,front,93.7,157.3,63.8,50.6,1989,ohc,four,90,2bbl,2.97,3.23,9.4,68.0,5500.0,31,38,gas,6692.0,7.580645161290323,0.2417910447761196,-1.3715918576303032,baixo,0,1
1,148.0,dodge,std,four,sedan,fwd,front,93.7,157.3,63.8,50.6,1989,ohc,four,90,2bbl,2.97,3.23,9.4,68.0,5500.0,31,38,gas,7609.0,7.580645161290323,0.2417910447761196,-1.3715918576303032,baixo,0,1
1,148.0,dodge,turbo,four,sedan,fwd,front,93.7,157.3,63.8,50.6,2191,ohc,four,98,mpfi,3.03,3.39,7.6,102.0,5500.0,24,30,gas,8558.0,9.791666666666666,0.2417910447761196,-1.3715918576303032,baixo,0,1
-1,110.0,dodge,std,four,wagon,fwd,front,103.3,174.6,64.6,59.8,2535,ohc,four,122,2bbl,3.34,3.46,8.5,88.0,5000.0,24,30,gas,8921.0,9.791666666666666,0.5,0.0323810505966701,baixo,0,1
3,145.0,dodge,turbo,two,hatchback,fwd,front,95.9,173.2,66.3,50.2,2811,ohc,four,156,mfi,3.6,3.9,7.0,145.0,5000.0,19,24,gas,12964.0,12.36842105263158,0.4791044776119402,-0.0812352541153398,medio,0,1
2,137.0,honda,std,two,hatchback,fwd,front,86.6,144.6,63.9,50.8,1713,ohc,four,92,1bbl,2.91,3.41,9.6,58.0,4800.0,49,54,gas,6479.0,4.795918367346939,0.0522388059701492,-2.4022540503749625,baixo,0,1
2,137.0,honda,std,two,hatchback,fwd,front,86.6,144.6,63.9,50.8,1819,ohc,four,92,1bbl,2.91,3.41,9.2,76.0,6000.0,31,38,gas,6855.0,7.580645161290323,0.0522388059701492,-2.4022540503749625,baixo,0,1
1,101.0,honda,std,two,hatchback,fwd,front,93.7,150.0,64.0,52.6,1837,ohc,four,79,1bbl,2.91,3.07,10.1,60.0,5500.0,38,42,gas,5399.0,6.184210526315789,0.1328358208955224,-1.964019732200068,baixo,0,1
1,101.0,honda,std,two,hatchback,fwd,front,93.7,150.0,64.0,52.6,1940,ohc,four,92,1bbl,2.91,3.41,9.2,76.0,6000.0,30,34,gas,6529.0,7.833333333333333,0.1328358208955224,-1.964019732200068,baixo,0,1
1,101.0,honda,std,two,hatchback,fwd,front,93.7,150.0,64.0,52.6,1956,ohc,four,92,1bbl,2.91,3.41,9.2,76.0,6000.0,30,34,gas,7129.0,7.833333333333333,0.1328358208955224,-1.964019732200068,baixo,0,1
0,110.0,honda,std,four,sedan,fwd,front,96.5,163.4,64.0,54.5,2010,ohc,four,92,1bbl,2.91,3.41,9.2,76.0,6000.0,30,34,gas,7295.0,7.833333333333333,0.3328358208955225,-0.8765493870994051,baixo,0,1
0,78.0,honda,std,four,wagon,fwd,front,96.5,157.1,63.9,58.3,2024,ohc,four,92,1bbl,2.92,3.41,9.2,76.0,6000.0,30,34,gas,7295.0,7.833333333333333,0.2388059701492537,-1.3878227583034488,baixo,0,1
0,106.0,honda,std,two,hatchback,fwd,front,96.5,167.5,65.2,53.3,2236,ohc,four,110,1bbl,3.15,3.58,9.0,86.0,5800.0,27,33,gas,7895.0,8.703703703703704,0.3940298507462687,-0.5438159232999491,baixo,0,1
0,106.0,honda,std,two,hatchback,fwd,front,96.5,167.5,65.2,53.3,2289,ohc,four,110,1bbl,3.15,3.58,9.0,86.0,5800.0,27,33,gas,9095.0,8.703703703703704,0.3940298507462687,-0.5438159232999491,baixo,0,1
0,85.0,honda,std,four,sedan,fwd,front,96.5,175.4,65.2,54.1,2304,ohc,four,110,1bbl,3.15,3.58,9.0,86.0,5800.0,27,33,gas,8845.0,8.703703703703704,0.5119402985074628,0.0973046532892479,baixo,0,1
0,85.0,honda,std,four,sedan,fwd,front,96.5,175.4,62.5,54.1,2372,ohc,four,110,1bbl,3.15,3.58,9.0,86.0,5800.0,27,33,gas,10295.0,8.703703703703704,0.5119402985074628,0.0973046532892479,medio,0,1
0,85.0,honda,std,four,sedan,fwd,front,96.5,175.4,65.2,54.1,2465,ohc,four,110,mpfi,3.15,3.58,9.0,101.0,5800.0,24,28,gas,12945.0,9.791666666666666,0.5119402985074628,0.0973046532892479,medio,0,1
1,107.0,honda,std,two,sedan,fwd,front,96.5,169.1,66.0,51.0,2293,ohc,four,110,2bbl,3.15,3.58,9.1,100.0,5500.0,25,31,gas,10345.0,9.4,0.417910447761194,-0.4139687179147958,medio,0,1
0,115.0,isuzu,std,four,sedan,rwd,front,94.3,170.7,61.8,53.5,2337,ohc,four,111,2bbl,3.31,3.23,8.5,78.0,4800.0,24,29,gas,6785.0,9.791666666666666,0.4417910447761193,-0.2841215125296425,baixo,0,1
2,115.0,isuzu,std,two,hatchback,rwd,front,96.0,172.6,65.2,51.4,2734,ohc,four,119,spfi,3.43,3.23,9.2,90.0,5000.0,24,29,gas,11048.0,9.791666666666666,0.4701492537313433,-0.129927956134772,medio,0,1
0,145.0,jaguar,std,four,sedan,rwd,front,113.0,199.6,69.6,52.8,4066,dohc,six,258,mpfi,3.63,4.17,8.1,176.0,4750.0,15,19,gas,32250.0,15.666666666666666,0.8731343283582089,2.0612436347396974,alto,0,1
0,115.0,jaguar,std,four,sedan,rwd,front,113.0,199.6,69.6,52.8,4066,dohc,six,258,mpfi,3.63,4.17,8.1,176.0,4750.0,15,19,gas,35550.0,15.666666666666666,0.8731343283582089,2.0612436347396974,alto,0,1
0,115.0,jaguar,std,two,sedan,rwd,front,102.0,191.7,70.6,47.8,3950,ohcv,twelve,326,mpfi,3.54,2.76,11.5,262.0,5000.0,13,17,gas,36000.0,18.076923076923077,0.7552238805970148,1.4201230581505002,alto,0,1
1,104.0,mazda,std,two,hatchback,fwd,front,93.1,159.1,64.2,54.1,1890,ohc,four,91,2bbl,3.03,3.15,9.0,68.0,5000.0,30,31,gas,5195.0,7.833333333333333,0.2686567164179104,-1.2255137515720067,baixo,0,1
1,104.0,mazda,std,two,hatchback,fwd,front,93.1,159.1,64.2,54.1,1900,ohc,four,91,2bbl,3.03,3.15,9.0,68.0,5000.0,31,38,gas,6095.0,7.580645161290323,0.2686567164179104,-1.2255137515720067,baixo,0,1
1,104.0,mazda,std,two,hatchback,fwd,front,93.1,159.1,64.2,54.1,1905,ohc,four,91,2bbl,3.03,3.15,9.0,68.0,5000.0,31,38,gas,6795.0,7.580645161290323,0.2686567164179104,-1.2255137515720067,baixo,0,1
1,113.0,mazda,std,four,sedan,fwd,front,93.1,166.8,64.2,54.1,1945,ohc,four,91,2bbl,3.03,3.15,9.0,68.0,5000.0,31,38,gas,6695.0,7.580645161290323,0.383582089552239,-0.6006240756559529,baixo,0,1
1,113.0,mazda,std,four,sedan,fwd,front,93.1,166.8,64.2,54.1,1950,ohc,four,91,2bbl,3.08,3.15,9.0,68.0,5000.0,31,38,gas,7395.0,7.580645161290323,0.383582089552239,-0.6006240756559529,baixo,0,1
3,150.0,mazda,std,two,hatchback,rwd,front,95.3,169.0,65.7,49.6,2380,rotor,two,70,4bbl,3.31,3.29,9.4,101.0,6000.0,17,23,gas,10945.0,13.823529411764708,0.4164179104477613,-0.4220841682513674,medio,0,1
3,150.0,mazda,std,two,hatchback,rwd,front,95.3,169.0,65.7,49.6,2380,rotor,two,70,4bbl,3.31,3.29,9.4,101.0,6000.0,17,23,gas,11845.0,13.823529411764708,0.4164179104477613,-0.4220841682513674,medio,0,1
3,150.0,mazda,std,two,hatchback,rwd,front,95.3,169.0,65.7,49.6,2385,rotor,two,70,4bbl,3.31,3.29,9.4,101.0,6000.0,17,23,gas,13645.0,13.823529411764708,0.4164179104477613,-0.4220841682513674,medio,0,1
3,150.0,mazda,std,two,hatchback,rwd,front,95.3,169.0,65.7,49.6,2500,rotor,two,80,mpfi,3.31,3.29,9.4,135.0,6000.0,16,23,gas,15645.0,14.6875,0.4164179104477613,-0.4220841682513674,medio,0,1
1,129.0,mazda,std,two,hatchback,fwd,front,98.8,177.8,66.5,53.7,2385,ohc,four,122,2bbl,3.39,3.39,8.6,84.0,4800.0,26,32,gas,8845.0,9.038461538461538,0.547761194029851,0.292075461366979,baixo,0,1
0,115.0,mazda,std,four,sedan,fwd,front,98.8,177.8,66.5,55.5,2410,ohc,four,122,2bbl,3.39,3.39,8.6,84.0,4800.0,26,32,gas,8495.0,9.038461538461538,0.547761194029851,0.292075461366979,baixo,0,1
1,129.0,mazda,std,two,hatchback,fwd,front,98.8,177.8,66.5,53.7,2385,ohc,four,122,2bbl,3.39,3.39,8.6,84.0,4800.0,26,32,gas,10595.0,9.038461538461538,0.547761194029851,0.292075461366979,medio,0,1
0,115.0,mazda,std,four,sedan,fwd,front,98.8,177.8,66.5,55.5,2410,ohc,four,122,2bbl,3.39,3.39,8.6,84.0,4800.0,26,32,gas,10245.0,9.038461538461538,0.547761194029851,0.292075461366979,medio,0,1
0,115.0,mazda,std,four,sedan,fwd,front,98.8,177.8,66.5,55.5,2443,ohc,four,122,idi,3.39,3.39,22.7,64.0,4650.0,36,42,diesel,10795.0,6.527777777777778,0.547761194029851,0.292075461366979,medio,1,0
0,115.0,mazda,std,four,hatchback,fwd,front,98.8,177.8,66.5,55.5,2425,ohc,four,122,2bbl,3.39,3.39,8.6,84.0,4800.0,26,32,gas,11245.0,9.038461538461538,0.547761194029851,0.292075461366979,medio,0,1
0,118.0,mazda,std,four,sedan,rwd,front,104.9,175.0,66.1,54.4,2670,ohc,four,140,mpfi,3.76,3.16,8.0,120.0,5000.0,19,27,gas,18280.0,12.36842105263158,0.5059701492537314,0.064842851942959,medio,0,1
0,115.0,mazda,std,four,sedan,rwd,front,104.9,175.0,66.1,54.4,2700,ohc,four,134,idi,3.43,3.64,22.0,72.0,4200.0,31,39,diesel,18344.0,7.580645161290323,0.5059701492537314,0.064842851942959,medio,1,0
-1,93.0,mercedes-benz,turbo,four,sedan,rwd,front,110.0,190.9,70.3,56.5,3515,ohc,five,183,idi,3.58,3.64,21.5,123.0,4350.0,22,25,diesel,25552.0,10.681818181818182,0.7432835820895524,1.3551994554579248,alto,1,0
-1,93.0,mercedes-benz,turbo,four,wagon,rwd,front,110.0,190.9,70.3,58.7,3750,ohc,five,183,idi,3.58,3.64,21.5,123.0,4350.0,22,25,diesel,28248.0,10.681818181818182,0.7432835820895524,1.3551994554579248,alto,1,0
0,93.0,mercedes-benz,turbo,two,hardtop,rwd,front,106.7,187.5,70.3,54.9,3495,ohc,five,183,idi,3.58,3.64,21.5,123.0,4350.0,22,25,diesel,28176.0,10.681818181818182,0.6925373134328359,1.0792741440144726,alto,1,0
-1,93.0,mercedes-benz,turbo,four,sedan,rwd,front,115.6,202.6,71.7,56.3,3770,ohc,five,183,idi,3.58,3.64,21.5,123.0,4350.0,22,25,diesel,31600.0,10.681818181818182,0.917910447761194,2.304707144836861,alto,1,0
-1,115.0,mercedes-benz,std,four,sedan,rwd,front,115.6,202.6,71.7,56.5,3740,ohcv,eight,234,mpfi,3.46,3.1,8.3,155.0,4750.0,16,18,gas,34184.0,14.6875,0.917910447761194,2.304707144836861,alto,0,1
3,142.0,mercedes-benz,std,two,convertible,rwd,front,96.6,180.3,70.5,50.8,3685,ohcv,eight,234,mpfi,3.46,3.1,8.3,155.0,4750.0,16,18,gas,35056.0,14.6875,0.5850746268656719,0.4949617197812817,alto,0,1
0,115.0,mercedes-benz,std,four,sedan,rwd,front,120.9,208.1,71.7,56.7,3900,ohcv,eight,308,mpfi,3.8,3.35,8.0,184.0,4500.0,14,16,gas,40960.0,16.785714285714285,1.0,2.7510569133483265,alto,0,1
1,115.0,mercedes-benz,std,two,hardtop,rwd,front,112.0,199.2,72.0,55.4,3715,ohcv,eight,304,mpfi,3.8,3.35,8.0,184.0,4500.0,14,16,gas,45400.0,16.785714285714285,0.8671641791044775,2.0287818333934085,alto,0,1
1,115.0,mercury,turbo,two,hatchback,rwd,front,102.7,178.4,68.0,54.8,2910,ohc,four,140,mpfi,3.78,3.12,8.0,175.0,5000.0,19,24,gas,16503.0,12.36842105263158,0.5567164179104479,0.3407681633864112,medio,0,1
2,161.0,mitsubishi,std,two,hatchback,fwd,front,93.7,157.3,64.4,50.8,1918,ohc,four,92,2bbl,2.97,3.23,9.4,68.0,5500.0,37,41,gas,5389.0,6.351351351351352,0.2417910447761196,-1.3715918576303032,baixo,0,1
2,161.0,mitsubishi,std,two,hatchback,fwd,front,93.7,157.3,64.4,50.8,1944,ohc,four,92,2bbl,2.97,3.23,9.4,68.0,5500.0,31,38,gas,6189.0,7.580645161290323,0.2417910447761196,-1.3715918576303032,baixo,0,1
2,161.0,mitsubishi,std,two,hatchback,fwd,front,93.7,157.3,64.4,50.8,2004,ohc,four,92,2bbl,2.97,3.23,9.4,68.0,5500.0,31,38,gas,6669.0,7.580645161290323,0.2417910447761196,-1.3715918576303032,baixo,0,1
1,161.0,mitsubishi,turbo,two,hatchback,fwd,front,93.0,157.3,63.8,50.8,2145,ohc,four,98,spdi,3.03,3.39,7.6,102.0,5500.0,24,30,gas,7689.0,9.791666666666666,0.2417910447761196,-1.3715918576303032,baixo,0,1
3,153.0,mitsubishi,turbo,two,hatchback,fwd,front,96.3,173.0,65.4,49.4,2370,ohc,four,110,spdi,3.17,3.46,7.5,116.0,5500.0,23,30,gas,9959.0,10.217391304347826,0.4761194029850747,-0.0974661547884831,baixo,0,1
3,153.0,mitsubishi,std,two,hatchback,fwd,front,96.3,173.0,65.4,49.4,2328,ohc,four,122,2bbl,3.35,3.46,8.5,88.0,5000.0,25,32,gas,8499.0,9.4,0.4761194029850747,-0.0974661547884831,baixo,0,1
3,115.0,mitsubishi,turbo,two,hatchback,fwd,front,95.9,173.2,66.3,50.2,2833,ohc,four,156,spdi,3.58,3.86,7.0,145.0,5000.0,19,24,gas,12629.0,12.36842105263158,0.4791044776119402,-0.0812352541153398,medio,0,1
3,115.0,mitsubishi,turbo,two,hatchback,fwd,front,95.9,173.2,66.3,50.2,2921,ohc,four,156,spdi,3.59,3.86,7.0,145.0,5000.0,19,24,gas,14869.0,12.36842105263158,0.4791044776119402,-0.0812352541153398,medio,0,1
3,115.0,mitsubishi,turbo,two,hatchback,fwd,front,95.9,173.2,66.3,50.2,2926,ohc,four,156,spdi,3.59,3.86,7.0,145.0,5000.0,19,24,gas,14489.0,12.36842105263158,0.4791044776119402,-0.0812352541153398,medio,0,1
1,125.0,mitsubishi,std,four,sedan,fwd,front,96.3,172.4,65.4,51.6,2365,ohc,four,122,2bbl,3.35,3.46,8.5,88.0,5000.0,25,32,gas,6989.0,9.4,0.4671641791044778,-0.1461588568079153,baixo,0,1
1,125.0,mitsubishi,std,four,sedan,fwd,front,96.3,172.4,65.4,51.6,2405,ohc,four,122,2bbl,3.35,3.46,8.5,88.0,5000.0,25,32,gas,8189.0,9.4,0.4671641791044778,-0.1461588568079153,baixo,0,1
1,125.0,mitsubishi,turbo,four,sedan,fwd,front,96.3,172.4,65.4,51.6,2403,ohc,four,110,spdi,3.17,3.46,7.5,116.0,5500.0,23,30,gas,9279.0,10.217391304347826,0.4671641791044778,-0.1461588568079153,baixo,0,1
-1,137.0,mitsubishi,std,four,sedan,fwd,front,96.3,172.4,65.4,51.6,2403,ohc,four,110,spdi,3.17,3.46,7.5,116.0,5500.0,23,30,gas,9279.0,10.217391304347826,0.4671641791044778,-0.1461588568079153,baixo,0,1
1,128.0,nissan,std,two,sedan,fwd,front,94.5,165.3,63.8,54.5,1889,ohc,four,97,2bbl,3.15,3.29,9.4,69.0,5200.0,31,37,gas,5499.0,7.580645161290323,0.3611940298507465,-0.7223558307045346,baixo,0,1
1,128.0,nissan,std,two,sedan,fwd,front,94.5,165.3,63.8,54.5,2017,ohc,four,103,idi,2.99,3.47,21.9,55.0,4800.0,45,50,diesel,7099.0,5.222222222222222,0.3611940298507465,-0.7223558307045346,baixo,1,0
1,128.0,nissan,std,two,sedan,fwd,front,94.5,165.3,63.8,54.5,1918,ohc,four,97,2bbl,3.15,3.29,9.4,69.0,5200.0,31,37,gas,6649.0,7.580645161290323,0.3611940298507465,-0.7223558307045346,baixo,0,1
1,122.0,nissan,std,four,sedan,fwd,front,94.5,165.3,63.8,54.5,1938,ohc,four,97,2bbl,3.15,3.29,9.4,69.0,5200.0,31,37,gas,6849.0,7.580645161290323,0.3611940298507465,-0.7223558307045346,baixo,0,1
1,103.0,nissan,std,four,wagon,fwd,front,94.5,170.2,63.8,53.5,2024,ohc,four,97,2bbl,3.15,3.29,9.4,69.0,5200.0,31,37,gas,7349.0,7.580645161290323,0.4343283582089551,-0.3246987642125031,baixo,0,1
1,128.0,nissan,std,two,sedan,fwd,front,94.5,165.3,63.8,54.5,1951,ohc,four,97,2bbl,3.15,3.29,9.4,69.0,5200.0,31,37,gas,7299.0,7.580645161290323,0.3611940298507465,-0.7223558307045346,baixo,0,1
1,128.0,nissan,std,two,hatchback,fwd,front,94.5,165.6,63.8,53.3,2028,ohc,four,97,2bbl,3.15,3.29,9.4,69.0,5200.0,31,37,gas,7799.0,7.580645161290323,0.3656716417910448,-0.6980094796948196,baixo,0,1
1,122.0,nissan,std,four,sedan,fwd,front,94.5,165.3,63.8,54.5,1971,ohc,four,97,2bbl,3.15,3.29,9.4,69.0,5200.0,31,37,gas,7499.0,7.580645161290323,0.3611940298507465,-0.7223558307045346,baixo,0,1
1,103.0,nissan,std,four,wagon,fwd,front,94.5,170.2,63.8,53.5,2037,ohc,four,97,2bbl,3.15,3.29,9.4,69.0,5200.0,31,37,gas,7999.0,7.580645161290323,0.4343283582089551,-0.3246987642125031,baixo,0,1
2,168.0,nissan,std,two,hardtop,fwd,front,95.1,162.4,63.8,53.3,2008,ohc,four,97,2bbl,3.15,3.29,9.4,69.0,5200.0,31,37,gas,8249.0,7.580645161290323,0.3179104477611942,-0.9577038904651262,baixo,0,1
0,106.0,nissan,std,four,hatchback,fwd,front,97.2,173.4,65.2,54.7,2324,ohc,four,120,2bbl,3.33,3.47,8.5,97.0,5200.0,27,34,gas,8949.0,8.703703703703704,0.4820895522388061,-0.0650043534421942,baixo,0,1
0,106.0,nissan,std,four,sedan,fwd,front,97.2,173.4,65.2,54.7,2302,ohc,four,120,2bbl,3.33,3.47,8.5,97.0,5200.0,27,34,gas,9549.0,8.703703703703704,0.4820895522388061,-0.0650043534421942,baixo,0,1
0,128.0,nissan,std,four,sedan,fwd,front,100.4,181.7,66.5,55.1,3095,ohcv,six,181,mpfi,3.43,3.27,9.0,152.0,5200.0,17,22,gas,13499.0,13.823529411764708,0.6059701492537313,0.6085780244932895,medio,0,1
0,108.0,nissan,std,four,wagon,fwd,front,100.4,184.6,66.5,56.1,3296,ohcv,six,181,mpfi,3.43,3.27,9.0,152.0,5200.0,17,22,gas,14399.0,13.823529411764708,0.6492537313432836,0.843926084253881,medio,0,1
0,108.0,nissan,std,four,sedan,fwd,front,100.4,184.6,66.5,55.1,3060,ohcv,six,181,mpfi,3.43,3.27,9.0,152.0,5200.0,19,25,gas,13499.0,12.36842105263158,0.6492537313432836,0.843926084253881,medio,0,1
3,194.0,nissan,std,two,hatchback,rwd,front,91.3,170.7,67.9,49.7,3071,ohcv,six,181,mpfi,3.43,3.27,9.0,160.0,5200.0,19,25,gas,17199.0,12.36842105263158,0.4417910447761193,-0.2841215125296425,medio,0,1
3,194.0,nissan,turbo,two,hatchback,rwd,front,91.3,170.7,67.9,49.7,3139,ohcv,six,181,mpfi,3.43,3.27,7.8,200.0,5200.0,17,23,gas,19699.0,13.823529411764708,0.4417910447761193,-0.2841215125296425,medio,0,1
1,231.0,nissan,std,two,hatchback,rwd,front,99.2,178.5,67.9,49.7,3139,ohcv,six,181,mpfi,3.43,3.27,9.0,160.0,5200.0,19,25,gas,18399.0,12.36842105263158,0.5582089552238807,0.3488836137229829,medio,0,1
0,161.0,peugot,std,four,sedan,rwd,front,107.9,186.7,68.4,56.7,3020,l,four,120,mpfi,3.46,3.19,8.4,97.0,5000.0,19,24,gas,11900.0,12.36842105263158,0.6805970149253731,1.014350541321895,medio,0,1
0,161.0,peugot,turbo,four,sedan,rwd,front,107.9,186.7,68.4,56.7,3197,l,four,152,idi,3.7,3.52,21.0,95.0,4150.0,28,33,diesel,13200.0,8.392857142857142,0.6805970149253731,1.014350541321895,medio,1,0
0,115.0,peugot,std,four,wagon,rwd,front,114.2,198.9,68.4,58.7,3230,l,four,120,mpfi,3.46,3.19,8.4,97.0,5000.0,19,24,gas,12440.0,12.36842105263158,0.8626865671641792,2.0044354823836934,medio,0,1
0,115.0,peugot,turbo,four,wagon,rwd,front,114.2,198.9,68.4,58.7,3430,l,four,152,idi,3.7,3.52,21.0,95.0,4150.0,25,25,diesel,13860.0,9.4,0.8626865671641792,2.0044354823836934,medio,1,0
0,161.0,peugot,std,four,sedan,rwd,front,107.9,186.7,68.4,56.7,3075,l,four,120,mpfi,3.46,2.19,8.4,95.0,5000.0,19,24,gas,15580.0,12.36842105263158,0.6805970149253731,1.014350541321895,medio,0,1
0,161.0,peugot,turbo,four,sedan,rwd,front,107.9,186.7,68.4,56.7,3252,l,four,152,idi,3.7,3.52,21.0,95.0,4150.0,28,33,diesel,16900.0,8.392857142857142,0.6805970149253731,1.014350541321895,medio,1,0
0,115.0,peugot,std,four,wagon,rwd,front,114.2,198.9,68.4,56.7,3285,l,four,120,mpfi,3.46,2.19,8.4,95.0,5000.0,19,24,gas,16695.0,12.36842105263158,0.8626865671641792,2.0044354823836934,medio,0,1
0,115.0,peugot,turbo,four,wagon,rwd,front,114.2,198.9,68.4,58.7,3485,l,four,152,idi,3.7,3.52,21.0,95.0,4150.0,25,25,diesel,17075.0,9.4,0.8626865671641792,2.0044354823836934,medio,1,0
0,161.0,peugot,std,four,sedan,rwd,front,107.9,186.7,68.4,56.7,3075,l,four,120,mpfi,3.46,3.19,8.4,97.0,5000.0,19,24,gas,16630.0,12.36842105263158,0.6805970149253731,1.014350541321895,medio,0,1
0,161.0,peugot,turbo,four,sedan,rwd,front,107.9,186.7,68.4,56.7,3252,l,four,152,idi,3.7,3.52,21.0,95.0,4150.0,28,33,diesel,17950.0,8.392857142857142,0.6805970149253731,1.014350541321895,medio,1,0
0,161.0,peugot,turbo,four,sedan,rwd,front,108.0,186.7,68.3,56.0,3130,l,four,134,mpfi,3.61,3.21,7.0,142.0,5600.0,18,24,gas,18150.0,13.055555555555555,0.6805970149253731,1.014350541321895,medio,0,1
1,119.0,plymouth,std,two,hatchback,fwd,front,93.7,157.3,63.8,50.8,1918,ohc,four,90,2bbl,2.97,3.23,9.4,68.0,5500.0,37,41,gas,5572.0,6.351351351351352,0.2417910447761196,-1.3715918576303032,baixo,0,1
1,119.0,plymouth,turbo,two,hatchback,fwd,front,93.7,157.3,63.8,50.8,2128,ohc,four,98,spdi,3.03,3.39,7.6,102.0,5500.0,24,30,gas,7957.0,9.791666666666666,0.2417910447761196,-1.3715918576303032,baixo,0,1
1,154.0,plymouth,std,four,hatchback,fwd,front,93.7,157.3,63.8,50.6,1967,ohc,four,90,2bbl,2.97,3.23,9.4,68.0,5500.0,31,38,gas,6229.0,7.580645161290323,0.2417910447761196,-1.3715918576303032,baixo,0,1
1,154.0,plymouth,std,four,sedan,fwd,front,93.7,167.3,63.8,50.8,1989,ohc,four,90,2bbl,2.97,3.23,9.4,68.0,5500.0,31,38,gas,6692.0,7.580645161290323,0.3910447761194032,-0.5600468239730924,baixo,0,1
1,154.0,plymouth,std,four,sedan,fwd,front,93.7,167.3,63.8,50.8,2191,ohc,four,98,2bbl,2.97,3.23,9.4,68.0,5500.0,31,38,gas,7609.0,7.580645161290323,0.3910447761194032,-0.5600468239730924,baixo,0,1
-1,74.0,plymouth,std,four,wagon,fwd,front,103.3,174.6,64.6,59.8,2535,ohc,four,122,2bbl,3.35,3.46,8.5,88.0,5000.0,24,30,gas,8921.0,9.791666666666666,0.5,0.0323810505966701,baixo,0,1
3,115.0,plymouth,turbo,two,hatchback,rwd,front,95.9,173.2,66.3,50.2,2818,ohc,four,156,spdi,3.59,3.86,7.0,145.0,5000.0,19,24,gas,12764.0,12.36842105263158,0.4791044776119402,-0.0812352541153398,medio,0,1
3,186.0,porsche,std,two,hatchback,rwd,front,94.5,168.9,68.3,50.2,2778,ohc,four,151,mpfi,3.94,3.11,9.5,143.0,5500.0,19,27,gas,22018.0,12.36842105263158,0.4149253731343285,-0.4301996185879391,alto,0,1
3,115.0,porsche,std,two,hardtop,rwd,rear,89.5,168.9,65.0,51.6,2756,ohcf,six,194,mpfi,3.74,2.9,9.5,207.0,5900.0,17,25,gas,32528.0,13.823529411764708,0.4149253731343285,-0.4301996185879391,alto,0,1
3,115.0,porsche,std,two,hardtop,rwd,rear,89.5,168.9,65.0,51.6,2756,ohcf,six,194,mpfi,3.74,2.9,9.5,207.0,5900.0,17,25,gas,34028.0,13.823529411764708,0.4149253731343285,-0.4301996185879391,alto,0,1
3,115.0,porsche,std,two,convertible,rwd,rear,89.5,168.9,65.0,51.6,2800,ohcf,six,194,mpfi,3.74,2.9,9.5,207.0,5900.0,17,25,gas,37028.0,13.823529411764708,0.4149253731343285,-0.4301996185879391,alto,0,1
0,115.0,renault,std,four,wagon,fwd,front,96.1,181.5,66.5,55.2,2579,ohc,four,132,mpfi,3.46,3.9,8.7,95.0,5200.0,23,31,gas,9295.0,10.217391304347826,0.6029850746268658,0.5923471238201461,baixo,0,1
2,115.0,renault,std,two,hatchback,fwd,front,96.1,176.8,66.6,50.5,2460,ohc,four,132,mpfi,3.46,3.9,8.7,95.0,5200.0,23,31,gas,9895.0,10.217391304347826,0.5328358208955226,0.2109209580012579,baixo,0,1
3,150.0,saab,std,two,hatchback,fwd,front,99.1,186.6,66.5,56.1,2658,ohc,four,121,mpfi,3.54,3.07,9.31,110.0,5250.0,21,28,gas,11850.0,11.19047619047619,0.6791044776119403,1.0062350909853233,medio,0,1
2,104.0,saab,std,four,sedan,fwd,front,99.1,186.6,66.5,56.1,2695,ohc,four,121,mpfi,3.54,3.07,9.3,110.0,5250.0,21,28,gas,12170.0,11.19047619047619,0.6791044776119403,1.0062350909853233,medio,0,1
3,150.0,saab,std,two,hatchback,fwd,front,99.1,186.6,66.5,56.1,2707,ohc,four,121,mpfi,2.54,2.07,9.3,110.0,5250.0,21,28,gas,15040.0,11.19047619047619,0.6791044776119403,1.0062350909853233,medio,0,1
2,104.0,saab,std,four,sedan,fwd,front,99.1,186.6,66.5,56.1,2758,ohc,four,121,mpfi,3.54,3.07,9.3,110.0,5250.0,21,28,gas,15510.0,11.19047619047619,0.6791044776119403,1.0062350909853233,medio,0,1
3,150.0,saab,turbo,two,hatchback,fwd,front,99.1,186.6,66.5,56.1,2808,dohc,four,121,mpfi,3.54,3.07,9.0,160.0,5500.0,19,26,gas,18150.0,12.36842105263158,0.6791044776119403,1.0062350909853233,medio,0,1
2,104.0,saab,turbo,four,sedan,fwd,front,99.1,186.6,66.5,56.1,2847,dohc,four,121,mpfi,3.54,3.07,9.0,160.0,5500.0,19,26,gas,18620.0,12.36842105263158,0.6791044776119403,1.0062350909853233,medio,0,1
2,83.0,subaru,std,two,hatchback,fwd,front,93.7,156.9,63.4,53.7,2050,ohcf,four,97,2bbl,3.62,2.36,9.0,69.0,4900.0,31,36,gas,5118.0,7.580645161290323,0.2358208955223882,-1.4040536589765922,baixo,0,1
2,83.0,subaru,std,two,hatchback,fwd,front,93.7,157.9,63.6,53.7,2120,ohcf,four,108,2bbl,3.62,2.64,8.7,73.0,4400.0,26,31,gas,7053.0,9.038461538461538,0.2507462686567165,-1.3228991556108711,baixo,0,1
2,83.0,subaru,std,two,hatchback,4wd,front,93.3,157.3,63.8,55.7,2240,ohcf,four,108,2bbl,3.62,2.64,8.7,73.0,4400.0,26,31,gas,7603.0,9.038461538461538,0.2417910447761196,-1.3715918576303032,baixo,0,1
0,102.0,subaru,std,four,sedan,fwd,front,97.2,172.0,65.4,52.5,2145,ohcf,four,108,2bbl,3.62,2.64,9.5,82.0,4800.0,32,37,gas,7126.0,7.34375,0.4611940298507463,-0.1786206581542042,baixo,0,1
0,102.0,subaru,std,four,sedan,fwd,front,97.2,172.0,65.4,52.5,2190,ohcf,four,108,2bbl,3.62,2.64,9.5,82.0,4400.0,28,33,gas,7775.0,8.392857142857142,0.4611940298507463,-0.1786206581542042,baixo,0,1
0,102.0,subaru,std,four,sedan,fwd,front,97.2,172.0,65.4,52.5,2340,ohcf,four,108,mpfi,3.62,2.64,9.0,94.0,5200.0,26,32,gas,9960.0,9.038461538461538,0.4611940298507463,-0.1786206581542042,baixo,0,1
0,102.0,subaru,std,four,sedan,4wd,front,97.0,172.0,65.4,54.3,2385,ohcf,four,108,2bbl,3.62,2.64,9.0,82.0,4800.0,24,25,gas,9233.0,9.791666666666666,0.4611940298507463,-0.1786206581542042,baixo,0,1
0,102.0,subaru,turbo,four,sedan,4wd,front,97.0,172.0,65.4,54.3,2510,ohcf,four,108,mpfi,3.62,2.64,7.7,111.0,4800.0,24,29,gas,11259.0,9.791666666666666,0.4611940298507463,-0.1786206581542042,medio,0,1
0,89.0,subaru,std,four,wagon,fwd,front,97.0,173.5,65.4,53.0,2290,ohcf,four,108,2bbl,3.62,2.64,9.0,82.0,4800.0,28,32,gas,7463.0,8.392857142857142,0.4835820895522389,-0.0568889031056225,baixo,0,1
0,89.0,subaru,std,four,wagon,fwd,front,97.0,173.5,65.4,53.0,2455,ohcf,four,108,mpfi,3.62,2.64,9.0,94.0,5200.0,25,31,gas,10198.0,9.4,0.4835820895522389,-0.0568889031056225,medio,0,1
0,85.0,subaru,std,four,wagon,4wd,front,96.9,173.6,65.4,54.9,2420,ohcf,four,108,2bbl,3.62,2.64,9.0,82.0,4800.0,23,29,gas,8013.0,10.217391304347826,0.4850746268656716,-0.0487734527690509,baixo,0,1
0,85.0,subaru,turbo,four,wagon,4wd,front,96.9,173.6,65.4,54.9,2650,ohcf,four,108,mpfi,3.62,2.64,7.7,111.0,4800.0,23,23,gas,11694.0,10.217391304347826,0.4850746268656716,-0.0487734527690509,medio,0,1
1,87.0,toyota,std,two,hatchback,fwd,front,95.7,158.7,63.6,54.5,1985,ohc,four,92,2bbl,3.05,3.03,9.0,62.0,4800.0,35,39,gas,5348.0,6.714285714285714,0.262686567164179,-1.2579755529182957,baixo,0,1
1,87.0,toyota,std,two,hatchback,fwd,front,95.7,158.7,63.6,54.5,2040,ohc,four,92,2bbl,3.05,3.03,9.0,62.0,4800.0,31,38,gas,6338.0,7.580645161290323,0.262686567164179,-1.2579755529182957,baixo,0,1
1,74.0,toyota,std,four,hatchback,fwd,front,95.7,158.7,63.6,54.5,2015,ohc,four,92,2bbl,3.05,3.03,9.0,62.0,4800.0,31,38,gas,6488.0,7.580645161290323,0.262686567164179,-1.2579755529182957,baixo,0,1
0,77.0,toyota,std,four,wagon,fwd,front,95.7,169.7,63.6,59.1,2280,ohc,four,92,2bbl,3.05,3.03,9.0,62.0,4800.0,31,37,gas,6918.0,7.580645161290323,0.4268656716417909,-0.3652760158953636,baixo,0,1
0,81.0,toyota,std,four,wagon,4wd,front,95.7,169.7,63.6,59.1,2290,ohc,four,92,2bbl,3.05,3.03,9.0,62.0,4800.0,27,32,gas,7898.0,8.703703703703704,0.4268656716417909,-0.3652760158953636,baixo,0,1
0,91.0,toyota,std,four,wagon,4wd,front,95.7,169.7,63.6,59.1,3110,ohc,four,92,2bbl,3.05,3.03,9.0,62.0,4800.0,27,32,gas,8778.0,8.703703703703704,0.4268656716417909,-0.3652760158953636,baixo,0,1
0,91.0,toyota,std,four,sedan,fwd,front,95.7,166.3,64.4,53.0,2081,ohc,four,98,2bbl,3.19,3.03,9.0,70.0,4800.0,30,37,gas,6938.0,7.833333333333333,0.3761194029850749,-0.6412013273388135,baixo,0,1
0,91.0,toyota,std,four,hatchback,fwd,front,95.7,166.3,64.4,52.8,2109,ohc,four,98,2bbl,3.19,3.03,9.0,70.0,4800.0,30,37,gas,7198.0,7.833333333333333,0.3761194029850749,-0.6412013273388135,baixo,0,1
0,91.0,toyota,std,four,sedan,fwd,front,95.7,166.3,64.4,53.0,2275,ohc,four,110,idi,3.27,3.35,22.5,56.0,4500.0,34,36,diesel,7898.0,6.911764705882353,0.3761194029850749,-0.6412013273388135,baixo,1,0
0,91.0,toyota,std,four,hatchback,fwd,front,95.7,166.3,64.4,52.8,2275,ohc,four,110,idi,3.27,3.35,22.5,56.0,4500.0,38,47,diesel,7788.0,6.184210526315789,0.3761194029850749,-0.6412013273388135,baixo,1,0
0,91.0,toyota,std,four,sedan,fwd,front,95.7,166.3,64.4,53.0,2094,ohc,four,98,2bbl,3.19,3.03,9.0,70.0,4800.0,38,47,gas,7738.0,6.184210526315789,0.3761194029850749,-0.6412013273388135,baixo,0,1
0,91.0,toyota,std,four,hatchback,fwd,front,95.7,166.3,64.4,52.8,2122,ohc,four,98,2bbl,3.19,3.03,9.0,70.0,4800.0,28,34,gas,8358.0,8.392857142857142,0.3761194029850749,-0.6412013273388135,baixo,0,1
0,91.0,toyota,std,four,sedan,fwd,front,95.7,166.3,64.4,52.8,2140,ohc,four,98,2bbl,3.19,3.03,9.0,70.0,4800.0,28,34,gas,9258.0,8.392857142857142,0.3761194029850749,-0.6412013273388135,baixo,0,1
1,168.0,toyota,std,two,sedan,rwd,front,94.5,168.7,64.0,52.6,2169,ohc,four,98,2bbl,3.19,3.03,9.0,70.0,4800.0,29,34,gas,8058.0,8.10344827586207,0.4119402985074626,-0.4464305192610847,baixo,0,1
1,168.0,toyota,std,two,hatchback,rwd,front,94.5,168.7,64.0,52.6,2204,ohc,four,98,2bbl,3.19,3.03,9.0,70.0,4800.0,29,34,gas,8238.0,8.10344827586207,0.4119402985074626,-0.4464305192610847,baixo,0,1
1,168.0,toyota,std,two,sedan,rwd,front,94.5,168.7,64.0,52.6,2265,dohc,four,98,mpfi,3.24,3.08,9.4,112.0,6600.0,26,29,gas,9298.0,9.038461538461538,0.4119402985074626,-0.4464305192610847,baixo,0,1
1,168.0,toyota,std,two,hatchback,rwd,front,94.5,168.7,64.0,52.6,2300,dohc,four,98,mpfi,3.24,3.08,9.4,112.0,6600.0,26,29,gas,9538.0,9.038461538461538,0.4119402985074626,-0.4464305192610847,baixo,0,1
2,134.0,toyota,std,two,hardtop,rwd,front,98.4,176.2,65.6,52.0,2540,ohc,four,146,mpfi,3.62,3.5,9.3,116.0,4800.0,24,30,gas,8449.0,9.791666666666666,0.5238805970149253,0.1622282559818234,baixo,0,1
2,134.0,toyota,std,two,hardtop,rwd,front,98.4,176.2,65.6,52.0,2536,ohc,four,146,mpfi,3.62,3.5,9.3,116.0,4800.0,24,30,gas,9639.0,9.791666666666666,0.5238805970149253,0.1622282559818234,baixo,0,1
2,134.0,toyota,std,two,hatchback,rwd,front,98.4,176.2,65.6,52.0,2551,ohc,four,146,mpfi,3.62,3.5,9.3,116.0,4800.0,24,30,gas,9989.0,9.791666666666666,0.5238805970149253,0.1622282559818234,baixo,0,1
2,134.0,toyota,std,two,hardtop,rwd,front,98.4,176.2,65.6,52.0,2679,ohc,four,146,mpfi,3.62,3.5,9.3,116.0,4800.0,24,30,gas,11199.0,9.791666666666666,0.5238805970149253,0.1622282559818234,medio,0,1
2,134.0,toyota,std,two,hatchback,rwd,front,98.4,176.2,65.6,52.0,2714,ohc,four,146,mpfi,3.62,3.5,9.3,116.0,4800.0,24,30,gas,11549.0,9.791666666666666,0.5238805970149253,0.1622282559818234,medio,0,1
2,134.0,toyota,std,two,convertible,rwd,front,98.4,176.2,65.6,53.0,2975,ohc,four,146,mpfi,3.62,3.5,9.3,116.0,4800.0,24,30,gas,17669.0,9.791666666666666,0.5238805970149253,0.1622282559818234,medio,0,1
-1,65.0,toyota,std,four,sedan,fwd,front,102.4,175.6,66.5,54.9,2326,ohc,four,122,mpfi,3.31,3.54,8.7,92.0,4200.0,29,34,gas,8948.0,8.10344827586207,0.5149253731343284,0.1135355539623912,baixo,0,1
-1,65.0,toyota,turbo,four,sedan,fwd,front,102.4,175.6,66.5,54.9,2480,ohc,four,110,idi,3.27,3.35,22.5,73.0,4500.0,30,33,diesel,10698.0,7.833333333333333,0.5149253731343284,0.1135355539623912,medio,1,0
-1,65.0,toyota,std,four,hatchback,fwd,front,102.4,175.6,66.5,53.9,2414,ohc,four,122,mpfi,3.31,3.54,8.7,92.0,4200.0,27,32,gas,9988.0,8.703703703703704,0.5149253731343284,0.1135355539623912,baixo,0,1
-1,65.0,toyota,std,four,sedan,fwd,front,102.4,175.6,66.5,54.9,2414,ohc,four,122,mpfi,3.31,3.54,8.7,92.0,4200.0,27,32,gas,10898.0,8.703703703703704,0.5149253731343284,0.1135355539623912,medio,0,1
-1,65.0,toyota,std,four,hatchback,fwd,front,102.4,175.6,66.5,53.9,2458,ohc,four,122,mpfi,3.31,3.54,8.7,92.0,4200.0,27,32,gas,11248.0,8.703703703703704,0.5149253731343284,0.1135355539623912,medio,0,1
3,197.0,toyota,std,two,hatchback,rwd,front,102.9,183.5,67.7,52.0,2976,dohc,six,171,mpfi,3.27,3.35,9.3,161.0,5200.0,20,24,gas,16558.0,11.75,0.6328358208955225,0.7546561305515883,medio,0,1
3,197.0,toyota,std,two,hatchback,rwd,front,102.9,183.5,67.7,52.0,3016,dohc,six,171,mpfi,3.27,3.35,9.3,161.0,5200.0,19,24,gas,15998.0,12.36842105263158,0.6328358208955225,0.7546561305515883,medio,0,1
-1,90.0,toyota,std,four,sedan,rwd,front,104.5,187.8,66.5,54.1,3131,dohc,six,171,mpfi,3.27,3.35,9.2,156.0,5200.0,20,24,gas,15690.0,11.75,0.6970149253731346,1.10362049502419,medio,0,1
-1,115.0,toyota,std,four,wagon,rwd,front,104.5,187.8,66.5,54.1,3151,dohc,six,161,mpfi,3.27,3.35,9.2,156.0,5200.0,19,24,gas,15750.0,12.36842105263158,0.6970149253731346,1.10362049502419,medio,0,1
2,122.0,volkswagen,std,two,sedan,fwd,front,97.3,171.7,65.5,55.7,2261,ohc,four,97,idi,3.01,3.4,23.0,52.0,4800.0,37,46,diesel,7775.0,6.351351351351352,0.4567164179104477,-0.2029670091639214,baixo,1,0
2,122.0,volkswagen,std,two,sedan,fwd,front,97.3,171.7,65.5,55.7,2209,ohc,four,109,mpfi,3.19,3.4,9.0,85.0,5250.0,27,34,gas,7975.0,8.703703703703704,0.4567164179104477,-0.2029670091639214,baixo,0,1
2,94.0,volkswagen,std,four,sedan,fwd,front,97.3,171.7,65.5,55.7,2264,ohc,four,97,idi,3.01,3.4,23.0,52.0,4800.0,37,46,diesel,7995.0,6.351351351351352,0.4567164179104477,-0.2029670091639214,baixo,1,0
2,94.0,volkswagen,std,four,sedan,fwd,front,97.3,171.7,65.5,55.7,2212,ohc,four,109,mpfi,3.19,3.4,9.0,85.0,5250.0,27,34,gas,8195.0,8.703703703703704,0.4567164179104477,-0.2029670091639214,baixo,0,1
2,94.0,volkswagen,std,four,sedan,fwd,front,97.3,171.7,65.5,55.7,2275,ohc,four,109,mpfi,3.19,3.4,9.0,85.0,5250.0,27,34,gas,8495.0,8.703703703703704,0.4567164179104477,-0.2029670091639214,baixo,0,1
2,94.0,volkswagen,turbo,four,sedan,fwd,front,97.3,171.7,65.5,55.7,2319,ohc,four,97,idi,3.01,3.4,23.0,68.0,4500.0,37,42,diesel,9495.0,6.351351351351352,0.4567164179104477,-0.2029670091639214,baixo,1,0
2,94.0,volkswagen,std,four,sedan,fwd,front,97.3,171.7,65.5,55.7,2300,ohc,four,109,mpfi,3.19,3.4,10.0,100.0,5500.0,26,32,gas,9995.0,9.038461538461538,0.4567164179104477,-0.2029670091639214,baixo,0,1
3,115.0,volkswagen,std,two,convertible,fwd,front,94.5,159.3,64.2,55.6,2254,ohc,four,109,mpfi,3.19,3.4,8.5,90.0,5500.0,24,29,gas,11595.0,9.791666666666666,0.2716417910447763,-1.2092828508988611,medio,0,1
3,256.0,volkswagen,std,two,hatchback,fwd,front,94.5,165.7,64.0,51.4,2221,ohc,four,109,mpfi,3.19,3.4,8.5,90.0,5500.0,24,29,gas,9980.0,9.791666666666666,0.3671641791044775,-0.689894029358248,baixo,0,1
0,115.0,volkswagen,std,four,sedan,fwd,front,100.4,180.2,66.9,55.1,2661,ohc,five,136,mpfi,3.19,3.4,8.5,110.0,5500.0,19,24,gas,13295.0,12.36842105263158,0.5835820895522387,0.4868462694447077,medio,0,1
0,115.0,volkswagen,turbo,four,sedan,fwd,front,100.4,180.2,66.9,55.1,2579,ohc,four,97,idi,3.01,3.4,23.0,68.0,4500.0,33,38,diesel,13845.0,7.121212121212121,0.5835820895522387,0.4868462694447077,medio,1,0
0,115.0,volkswagen,std,four,wagon,fwd,front,100.4,183.1,66.9,55.1,2563,ohc,four,109,mpfi,3.19,3.4,9.0,88.0,5500.0,25,31,gas,12290.0,9.4,0.6268656716417911,0.7221943292052994,medio,0,1
-2,103.0,volvo,std,four,sedan,rwd,front,104.3,188.8,67.2,56.2,2912,ohc,four,141,mpfi,3.78,3.15,9.5,114.0,5400.0,23,28,gas,12940.0,10.217391304347826,0.711940298507463,1.184774998389911,medio,0,1
-1,74.0,volvo,std,four,wagon,rwd,front,104.3,188.8,67.2,57.5,3034,ohc,four,141,mpfi,3.78,3.15,9.5,114.0,5400.0,23,28,gas,13415.0,10.217391304347826,0.711940298507463,1.184774998389911,medio,0,1
-2,103.0,volvo,std,four,sedan,rwd,front,104.3,188.8,67.2,56.2,2935,ohc,four,141,mpfi,3.78,3.15,9.5,114.0,5400.0,24,28,gas,15985.0,9.791666666666666,0.711940298507463,1.184774998389911,medio,0,1
-1,74.0,volvo,std,four,wagon,rwd,front,104.3,188.8,67.2,57.5,3042,ohc,four,141,mpfi,3.78,3.15,9.5,114.0,5400.0,24,28,gas,16515.0,9.791666666666666,0.711940298507463,1.184774998389911,medio,0,1
-2,103.0,volvo,turbo,four,sedan,rwd,front,104.3,188.8,67.2,56.2,3045,ohc,four,130,mpfi,3.62,3.15,7.5,162.0,5100.0,17,22,gas,18420.0,13.823529411764708,0.711940298507463,1.184774998389911,medio,0,1
-1,74.0,volvo,turbo,four,wagon,rwd,front,104.3,188.8,67.2,57.5,3157,ohc,four,130,mpfi,3.62,3.15,7.5,162.0,5100.0,17,22,gas,18950.0,13.823529411764708,0.711940298507463,1.184774998389911,medio,0,1
-1,95.0,volvo,std,four,sedan,rwd,front,109.1,188.8,68.9,55.5,2952,ohc,four,141,mpfi,3.78,3.15,9.5,114.0,5400.0,23,28,gas,16845.0,10.217391304347826,0.711940298507463,1.184774998389911,medio,0,1
-1,95.0,volvo,turbo,four,sedan,rwd,front,109.1,188.8,68.8,55.5,3049,ohc,four,141,mpfi,3.78,3.15,8.7,160.0,5300.0,19,25,gas,19045.0,12.36842105263158,0.711940298507463,1.184774998389911,medio,0,1
-1,95.0,volvo,std,four,sedan,rwd,front,109.1,188.8,68.9,55.5,3012,ohcv,six,173,mpfi,3.58,2.87,8.8,134.0,5500.0,18,23,gas,21485.0,13.055555555555555,0.711940298507463,1.184774998389911,alto,0,1
-1,95.0,volvo,turbo,four,sedan,rwd,front,109.1,188.8,68.9,55.5,3217,ohc,six,145,idi,3.01,3.4,23.0,106.0,4800.0,26,27,diesel,22470.0,9.038461538461538,0.711940298507463,1.184774998389911,alto,1,0
-1,95.0,volvo,turbo,four,sedan,rwd,front,109.1,188.8,68.9,55.5,3062,ohc,four,141,mpfi,3.78,3.15,9.5,114.0,5400.0,19,25,gas,22625.0,12.36842105263158,0.711940298507463,1.184774998389911,alto,0,1
